-- restaurantsテーブル
INSERT IGNORE INTO restaurants (id, name, image_name, description, price, seats, postal_code, address, phone_number,category,regular_holiday,business_hours) VALUES (1, 'なごやそば名駅東口店', 'restaurant01.jpg', '名古屋が誇る名物料理。地元産食材を使用した料理を提供しています。', 650, 15, '111-1111', '愛知県名古屋市中村区名駅通X-XX-XX', '012-345-678', '和食、カレー、焼肉', 'なし', '6:00～21:00');
INSERT IGNORE INTO restaurants (id, name, image_name, description, price, seats, postal_code, address, phone_number,category,regular_holiday,business_hours) VALUES (2, 'NAGOYA Bird', 'restaurant02.jpg', '名古屋が誇る名物料理。地元産食材を使用した料理を提供しています。',  2500, 50, '111-1112', '愛知県名古屋市東区田中町X-XX-XX', '012-345-678', '揚げ物、フランス料理', '火', '10:00～20:00');
INSERT IGNORE INTO restaurants (id, name, image_name, description, price, seats, postal_code, address, phone_number,category,regular_holiday,business_hours) VALUES (3, 'らーめん愛知 名古屋北店', 'restaurant03.jpg', '名古屋が誇る名物料理。地元産食材を使用した料理を提供しています。', 1300, 10, '111-1113', '愛知県名古屋市北区笹X-XX-XX', '012-345-678', 'ラーメン、焼肉', '木', '10:00～21:00');
INSERT IGNORE INTO restaurants (id, name, image_name, description, price, seats, postal_code, address, phone_number,category,regular_holiday,business_hours) VALUES (4, '味噌ラーメン MEI', 'restaurant04.jpg', '名古屋が誇る名物料理。地元産食材を使用した料理を提供しています。', 600, 10, '111-1114', '愛知県名古屋市熱田区神宮町X-XX-XX', '012-345-678', 'ラーメン', '金、土', '10:00～21:00');
INSERT IGNORE INTO restaurants (id, name, image_name, description, price, seats, postal_code, address, phone_number,category,regular_holiday,business_hours) VALUES (5, '尾張三郎', 'restaurant05.jpg', '名古屋が誇る名物料理。地元産食材を使用した料理を提供しています。', 5000, 8, '111-1115', '愛知県名古屋市西区阿部野X-XX-XX', '012-345-678', 'ラーメン', 'なし', '8:00～18:00');
INSERT IGNORE INTO restaurants (id, name, image_name, description, price, seats, postal_code, address, phone_number,category,regular_holiday,business_hours) VALUES (6, '家系ラーメン 鈴木屋', 'restaurant06.jpg', '名古屋が誇る名物料理。地元産食材を使用した料理を提供しています。', 1500, 5, '111-1116', '愛知県名古屋市西区佐々川X-XX-XX', '012-345-678', 'ラーメン、フランス料理、焼肉', '月', '8:30～17:30');
INSERT IGNORE INTO restaurants (id, name, image_name, description, price, seats, postal_code, address, phone_number,category,regular_holiday,business_hours) VALUES (7, '麵処名古屋', 'restaurant07.jpg', '名古屋が誇る名物料理。地元産食材を使用した料理を提供しています。', 600, 5, '111-1117', '愛知県名古屋市北区山田X-XX-XX', '012-345-678', 'ラーメン、カレー', 'なし', '9:30～21:30');
INSERT IGNORE INTO restaurants (id, name, image_name, description, price, seats, postal_code, address, phone_number,category,regular_holiday,business_hours) VALUES (8, '割烹東海', 'restaurant08.jpg', '名古屋が誇る名物料理。地元産食材を使用した料理を提供しています。', 3000, 25, '111-1118', '愛知県名古屋市中区岸X-XX-XX', '012-345-678', '和食', 'なし', '10:00～21:00');
INSERT IGNORE INTO restaurants (id, name, image_name, description, price, seats, postal_code, address, phone_number,category,regular_holiday,business_hours) VALUES (9, '天ぷら山田', 'restaurant09.jpg', '名古屋が誇る名物料理。地元産食材を使用した料理を提供しています。', 2000, 50, '111-1119', '愛知県名古屋市昭和区坂本X-XX-XX', '012-345-678', '和食、寿司、カレー', 'なし', '12:00～24:00');
INSERT IGNORE INTO restaurants (id, name, image_name, description, price, seats, postal_code, address, phone_number,category,regular_holiday,business_hours) VALUES (10, 'あつたおでん', 'restaurant10.jpg', '名古屋が誇る名物料理。地元産食材を使用した料理を提供しています。', 1200, 20, '111-1120', '愛知県名古屋市熱田区岩崎X-XX-XX', '012-345-678', '和食、ハンバーグ', 'なし', '12:00～19:00');
INSERT IGNORE INTO restaurants (id, name, image_name, description, price, seats, postal_code, address, phone_number,category,regular_holiday,business_hours) VALUES (11, 'うどん屋大西', 'restaurant01.jpg', '名古屋が誇る名物料理。地元産食材を使用した料理を提供しています。', 450, 65, '111-1121', '愛知県名古屋市千種区おわり野X-XX-XX', '012-345-678', 'うどん、寿司、焼肉', 'なし', '10:00～23:00');
INSERT IGNORE INTO restaurants (id, name, image_name, description, price, seats, postal_code, address, phone_number,category,regular_holiday,business_hours) VALUES (12, 'すする　南店', 'restaurant02.jpg', '名古屋が誇る名物料理。地元産食材を使用した料理を提供しています。', 800, 100, '111-1122', '愛知県名古屋市昭和区餅山X-XX-XX', '012-345-678', 'うどん、ハンバーグ', 'なし', '10:30～20:00');
INSERT IGNORE INTO restaurants (id, name, image_name, description, price, seats, postal_code, address, phone_number,category,regular_holiday,business_hours) VALUES (13, 'うどん　吾郎', 'restaurant03.jpg', '名古屋が誇る名物料理。地元産食材を使用した料理を提供しています。', 1650, 30, '111-1123', '愛知県名古屋市港区倉庫街X-XX-XX', '012-345-678', 'うどん、鍋料理', 'なし', '12:30～23:45');
INSERT IGNORE INTO restaurants (id, name, image_name, description, price, seats, postal_code, address, phone_number,category,regular_holiday,business_hours) VALUES (14, '愛カレー名古屋本店', 'restaurant04.jpg', '名古屋が誇る名物料理。地元産食材を使用した料理を提供しています。', 1250, 40, '111-1124', '愛知県名古屋市千種区岩手X-XX-XX', '012-345-678', 'カレー、フランス料理、寿司', 'なし', '12:30～23:45');
INSERT IGNORE INTO restaurants (id, name, image_name, description, price, seats, postal_code, address, phone_number,category,regular_holiday,business_hours) VALUES (15, '餃子館', 'restaurant05.jpg', '名古屋が誇る名物料理。地元産食材を使用した料理を提供しています。', 750, 100, '111-1125', '愛知県名古屋市南区大山通吉田X-XX-XX', '012-345-678', 'ラーメン、中華料理', '火、木', '9:00～23:00');
INSERT IGNORE INTO restaurants (id, name, image_name, description, price, seats, postal_code, address, phone_number,category,regular_holiday,business_hours) VALUES (16, '四川料理　心', 'restaurant06.jpg', '名古屋が誇る名物料理。地元産食材を使用した料理を提供しています。', 1000, 15, '111-1126', '愛知県名古屋市中川区大山川本X-XX-XX', '012-345-678', '喫茶店、中華料理', 'なし', '10:00～22:00');
INSERT IGNORE INTO restaurants (id, name, image_name, description, price, seats, postal_code, address, phone_number,category,regular_holiday,business_hours) VALUES (17, '中川', 'restaurant07.jpg', '名古屋が誇る名物料理。地元産食材を使用した料理を提供しています。', 1400, 10, '111-1127', '愛知県名古屋市中川区喫茶ストリートX-XX-XX', '012-345-678', '喫茶店、スイーツ', 'なし', '9:00～17:00');
INSERT IGNORE INTO restaurants (id, name, image_name, description, price, seats, postal_code, address, phone_number,category,regular_holiday,business_hours) VALUES (18, 'EastRoad', 'restaurant08.jpg', '名古屋が誇る名物料理。地元産食材を使用した料理を提供しています。', 900, 20, '111-1128', '愛知県名古屋市東区烏丸X-XX-XX', '012-345-678', '喫茶店、ステーキ', '木、金', '9:00～17:00');
INSERT IGNORE INTO restaurants (id, name, image_name, description, price, seats, postal_code, address, phone_number,category,regular_holiday,business_hours) VALUES (19, 'キリマンジャロ', 'restaurant09.jpg', '名古屋が誇る名物料理。地元産食材を使用した料理を提供しています。', 500, 46, '111-1129', '愛知県名古屋市南区大谷X-XX-XX', '012-345-678', '喫茶店、スイーツ、カレー', '月', '9:00～22:00');
INSERT IGNORE INTO restaurants (id, name, image_name, description, price, seats, postal_code, address, phone_number,category,regular_holiday,business_hours) VALUES (20, 'パフェ工房西田', 'restaurant10.jpg', '名古屋が誇る名物料理。地元産食材を使用した料理を提供しています。', 940, 15, '111-1130', '愛知県名古屋市南区尾張X-XX-XX', '012-345-678', 'スイーツ', 'なし', '9:00～20:00');
INSERT IGNORE INTO restaurants (id, name, image_name, description, price, seats, postal_code, address, phone_number,category,regular_holiday,business_hours) VALUES (21, 'ガトーナゴヤ', 'restaurant01.jpg', '名古屋が誇る名物料理。地元産食材を使用した料理を提供しています。', 500, 5, '111-1131', '愛知県名古屋市東区藤見町松本X-XX-XX', '012-345-678', 'スイーツ', '水', '10:00～18:00');
INSERT IGNORE INTO restaurants (id, name, image_name, description, price, seats, postal_code, address, phone_number,category,regular_holiday,business_hours) VALUES (22, 'やきとり屋MURATA', 'restaurant02.jpg', '名古屋が誇る名物料理。地元産食材を使用した料理を提供しています。', 500, 12, '111-1132', '愛知県名古屋市中区岩田X-XX-XX', '012-345-678', '焼き鳥、揚げ物', '水、金', '10:00～24:00');
INSERT IGNORE INTO restaurants (id, name, image_name, description, price, seats, postal_code, address, phone_number,category,regular_holiday,business_hours) VALUES (23, 'キムチ一番　名城店', 'restaurant03.jpg', '名古屋が誇る名物料理。地元産食材を使用した料理を提供しています。', 1680, 40, '111-1133', '愛知県名古屋市熱田区鈴鹿X-XX-XX', '012-345-678', '韓国料理、スイーツ', '金', '10:00～18:00');
INSERT IGNORE INTO restaurants (id, name, image_name, description, price, seats, postal_code, address, phone_number,category,regular_holiday,business_hours) VALUES (24, 'プリズム', 'restaurant04.jpg', '名古屋が誇る名物料理。地元産食材を使用した料理を提供しています。', 6800, 50, '111-1134', '愛知県名古屋市緑区武田X-XX-XX', '012-345-678', '韓国料理', '月、金', '12:00～23:00');
INSERT IGNORE INTO restaurants (id, name, image_name, description, price, seats, postal_code, address, phone_number,category,regular_holiday,business_hours) VALUES (26, '山椒', 'restaurant06.jpg', '名古屋が誇る名物料理。地元産食材を使用した料理を提供しています。', 3820, 140, '111-1136', '愛知県名古屋市中区あぐり野X-XX-XX', '012-345-678', '焼き鳥、タイ料理', 'なし', '8:00～18:00');
INSERT IGNORE INTO restaurants (id, name, image_name, description, price, seats, postal_code, address, phone_number,category,regular_holiday,business_hours) VALUES (27, 'むらびと', 'restaurant07.jpg', '名古屋が誇る名物料理。地元産食材を使用した料理を提供しています。', 6720, 90, '111-1137', '愛知県名古屋市名東区加賀美野中X-XX-XX', '012-345-678', '焼き鳥、フランス料理', 'なし', '10:00～23:45');
INSERT IGNORE INTO restaurants (id, name, image_name, description, price, seats, postal_code, address, phone_number,category,regular_holiday,business_hours) VALUES (28, '海鮮　なぎさの風', 'restaurant08.jpg', '名古屋が誇る名物料理。地元産食材を使用した料理を提供しています。', 8720, 60, '111-1137', '愛知県名古屋市緑区青山X-XX-XX', '012-345-678', '海鮮料理、フランス料理', 'なし', '18:00～27:30');
INSERT IGNORE INTO restaurants (id, name, image_name, description, price, seats, postal_code, address, phone_number,category,regular_holiday,business_hours) VALUES (29, '塩名人', 'restaurant09.jpg', '名古屋が誇る名物料理。地元産食材を使用した料理を提供しています。', 10000, 200, '111-1138', '愛知県名古屋市緑区塩野X-XX-XX', '012-345-678', '海鮮料理', 'なし', '15:00～24:30');
INSERT IGNORE INTO restaurants (id, name, image_name, description, price, seats, postal_code, address, phone_number,category,regular_holiday,business_hours) VALUES (30, 'キング', 'restaurant10.jpg', '名古屋が誇る名物料理。地元産食材を使用した料理を提供しています。', 5000, 400, '111-1139', '愛知県名古屋市緑区武蔵境X-XX-XX', '012-345-678', '海鮮料理、タイ料理、喫茶店', '水', '8:00～13:50');
INSERT IGNORE INTO restaurants (id, name, image_name, description, price, seats, postal_code, address, phone_number,category,regular_holiday,business_hours) VALUES (31, 'クイーン', 'restaurant01.jpg', '名古屋が誇る名物料理。地元産食材を使用した料理を提供しています。', 800, 320, '111-1140', '愛知県名古屋市緑区妃山X-XX-XX', '012-345-678', '海鮮料理、寿司、揚げ物', '火、木、土', '7:00～19:35');
INSERT IGNORE INTO restaurants (id, name, image_name, description, price, seats, postal_code, address, phone_number,category,regular_holiday,business_hours) VALUES (32, 'JACK', 'restaurant02.jpg', '名古屋が誇る名物料理。地元産食材を使用した料理を提供しています。', 895, 8, '111-1141', '愛知県名古屋市港区王子X-XX-XX', '012-345-678', '海鮮料理、和食、鍋料理', '月、水、金', '10:00～20:30');
INSERT IGNORE INTO restaurants (id, name, image_name, description, price, seats, postal_code, address, phone_number,category,regular_holiday,business_hours) VALUES (33, 'Ace', 'restaurant03.jpg', '名古屋が誇る名物料理。地元産食材を使用した料理を提供しています。', 800, 3, '111-1142', '愛知県名古屋市港区X-XX-XX', '012-345-678', '海鮮料理、和食、鍋料理', '月、水、金', '10:00～20:30');
INSERT IGNORE INTO restaurants (id, name, image_name, description, price, seats, postal_code, address, phone_number,category,regular_holiday,business_hours) VALUES (34, 'Tako家', 'restaurant04.jpg', '名古屋が誇る名物料理。地元産食材を使用した料理を提供しています。', 900, 6, '111-1143', '愛知県名古屋市瑞穂区X-XX-XX', '012-345-678', 'たこ焼き、お好み焼き', '金', '9:00～15:20');
INSERT IGNORE INTO restaurants (id, name, image_name, description, price, seats, postal_code, address, phone_number,category,regular_holiday,business_hours) VALUES (35, '島田', 'restaurant05.jpg', '名古屋が誇る名物料理。地元産食材を使用した料理を提供しています。', 1000, 10, '111-1144', '愛知県名古屋市瑞穂区X-XX-XX', '012-345-678', 'たこ焼き', '火、金', '9:00～15:20');
INSERT IGNORE INTO restaurants (id, name, image_name, description, price, seats, postal_code, address, phone_number,category,regular_holiday,business_hours) VALUES (36, '大阪大将', 'restaurant06.jpg', '名古屋が誇る名物料理。地元産食材を使用した料理を提供しています。', 2000, 20, '111-1145', '愛知県名古屋市瑞穂区蛸X-XX-XX', '012-345-678', 'たこ焼き、揚げ物', '火、金', '9:00～15:20');
INSERT IGNORE INTO restaurants (id, name, image_name, description, price, seats, postal_code, address, phone_number,category,regular_holiday,business_hours) VALUES (37, 'ポーン', 'restaurant07.jpg', '名古屋が誇る名物料理。地元産食材を使用した料理を提供しています。', 3000, 30, '111-1146', '愛知県名古屋市瑞穂区X-XX-XX', '012-345-678', 'お好み焼き', '日、月', '14:00～22:30');
INSERT IGNORE INTO restaurants (id, name, image_name, description, price, seats, postal_code, address, phone_number,category,regular_holiday,business_hours) VALUES (38, 'ルーク', 'restaurant08.jpg', '名古屋が誇る名物料理。地元産食材を使用した料理を提供しています。', 4800, 6, '111-1147', '愛知県名古屋市緑区大山X-XX-XX', '012-345-678', 'お好み焼き、ラーメン、カレー', '日', '16:00～19:30');
INSERT IGNORE INTO restaurants (id, name, image_name, description, price, seats, postal_code, address, phone_number,category,regular_holiday,business_hours) VALUES (39, 'ピジョップ', 'restaurant09.jpg', '名古屋が誇る名物料理。地元産食材を使用した料理を提供しています。', 5130, 19, '111-1148', '愛知県名古屋市中区鬼頭X-XX-XX', '012-345-678', 'お好み焼き、ハンバーグ', '木', '10:00～24:00');
INSERT IGNORE INTO restaurants (id, name, image_name, description, price, seats, postal_code, address, phone_number,category,regular_holiday,business_hours) VALUES (40, 'ナイト', 'restaurant10.jpg', '名古屋が誇る名物料理。地元産食材を使用した料理を提供しています。', 6000, 35, '111-1149', '愛知県名古屋市中区中村X-XX-XX', '012-345-678', 'お好み焼き、中華料理、焼肉', '月、土', '11:00～22:00');
INSERT IGNORE INTO restaurants (id, name, image_name, description, price, seats, postal_code, address, phone_number,category,regular_holiday,business_hours) VALUES (41, 'アーサー', 'restaurant01.jpg', '名古屋が誇る名物料理。地元産食材を使用した料理を提供しています。', 7000, 10, '111-1150', '愛知県名古屋市昭和区本田X-XX-XX', '012-345-678', '鍋料理', '水', '15:00～24:00');
INSERT IGNORE INTO restaurants (id, name, image_name, description, price, seats, postal_code, address, phone_number,category,regular_holiday,business_hours) VALUES (42, '銀閣', 'restaurant02.jpg', '名古屋が誇る名物料理。地元産食材を使用した料理を提供しています。', 9000, 28, '111-1151', '愛知県名古屋市昭和区芹澤X-XX-XX', '012-345-678', '鍋料理、フランス料理', '水', '6:00～16:00');
INSERT IGNORE INTO restaurants (id, name, image_name, description, price, seats, postal_code, address, phone_number,category,regular_holiday,business_hours) VALUES (43, 'ゴールド', 'restaurant03.jpg', '名古屋が誇る名物料理。地元産食材を使用した料理を提供しています。', 9690, 56, '111-1152', '愛知県名古屋市昭和区X-XX-XX', '012-345-678', '鍋料理', 'なし', '8:00～19:00');
INSERT IGNORE INTO restaurants (id, name, image_name, description, price, seats, postal_code, address, phone_number,category,regular_holiday,business_hours) VALUES (44, 'シルバー', 'restaurant04.jpg', '名古屋が誇る名物料理。地元産食材を使用した料理を提供しています。', 10000, 6, '111-1153', '愛知県名古屋市北区X-XX-XX', '012-345-678', '鍋料理、喫茶店、ステーキ', 'なし', '10:00～24:00');
INSERT IGNORE INTO restaurants (id, name, image_name, description, price, seats, postal_code, address, phone_number,category,regular_holiday,business_hours) VALUES (45, 'レッド', 'restaurant05.jpg', '名古屋が誇る名物料理。地元産食材を使用した料理を提供しています。', 500, 16, '111-1154', '愛知県名古屋市北区X-XX-XX', '012-345-678', 'パン、喫茶店', 'なし', '10:00～24:00');
INSERT IGNORE INTO restaurants (id, name, image_name, description, price, seats, postal_code, address, phone_number,category,regular_holiday,business_hours) VALUES (46, 'ブルー', 'restaurant06.jpg', '名古屋が誇る名物料理。地元産食材を使用した料理を提供しています。', 240, 65, '111-1155', '愛知県名古屋市名東区X-XX-XX', '012-345-678', 'パン', 'なし', '13:00～20:00');
INSERT IGNORE INTO restaurants (id, name, image_name, description, price, seats, postal_code, address, phone_number,category,regular_holiday,business_hours) VALUES (47, 'グリーン', 'restaurant07.jpg', '名古屋が誇る名物料理。地元産食材を使用した料理を提供しています。', 3970, 56, '111-1156', '愛知県名古屋市名東区X-XX-XX', '012-345-678', 'パン、ハンバーグ', '木', '15:00～20:00');
INSERT IGNORE INTO restaurants (id, name, image_name, description, price, seats, postal_code, address, phone_number,category,regular_holiday,business_hours) VALUES (48, 'イエロー', 'restaurant08.jpg', '名古屋が誇る名物料理。地元産食材を使用した料理を提供しています。', 4690, 28, '111-1157', '愛知県名古屋市西区X-XX-XX', '012-345-678', 'パン', '月', '8:00～24:00');
INSERT IGNORE INTO restaurants (id, name, image_name, description, price, seats, postal_code, address, phone_number,category,regular_holiday,business_hours) VALUES (49, 'ブラック', 'restaurant09.jpg', '名古屋が誇る名物料理。地元産食材を使用した料理を提供しています。', 6270, 4, '111-1158', '愛知県名古屋市南区X-XX-XX', '012-345-678', 'パン、タイ料理', '水', '6:00～24:00');
INSERT IGNORE INTO restaurants (id, name, image_name, description, price, seats, postal_code, address, phone_number,category,regular_holiday,business_hours) VALUES (50, 'ホワイト', 'restaurant10.jpg', '名古屋が誇る名物料理。地元産食材を使用した料理を提供しています。', 6160, 4, '111-1159', '愛知県名古屋市南区X-XX-XX', '012-345-678', 'パン、鍋料理', '水', '10:00～24:00');

-- rolesテーブル
INSERT IGNORE INTO roles (id, name) VALUES (1, 'ROLE_GENERAL');
INSERT IGNORE INTO roles (id, name) VALUES (2, 'ROLE_ADMIN');
INSERT IGNORE INTO roles (id, name) VALUES (3, 'ROLE_PAY');
INSERT IGNORE INTO roles (id, name) VALUES (4, 'ROLE‗ADMIN_PAY');

-- usersテーブル
INSERT IGNORE INTO users (id, name, furigana, postal_code, address, phone_number, email, password, role_id, enabled) VALUES (1, '佐々木 太郎', 'ササキ タロウ', '101-0022', '東京都千代田区神田練塀町300番地', '090-1234-5678', 'taro.samurai@example.com', 'password', 1, true);
INSERT IGNORE INTO users (id, name, furigana, postal_code, address, phone_number, email, password, role_id, enabled) VALUES (2, '佐々木 花子', 'ササキ ハナコ', '101-0022', '東京都千代田区神田練塀町300番地', '090-1234-5678', 'hanako.samurai@example.com', 'password', 2, true);
INSERT IGNORE INTO users (id, name, furigana, postal_code, address, phone_number, email, password, role_id, enabled) VALUES (3, '佐々木 義勝', 'ササキ ヨシカツ', '638-0644', '奈良県五條市西吉野町湯川X-XX-XX', '090-1234-5678', 'yoshikatsu.samurai@example.com', 'password', 1, false);
INSERT IGNORE INTO users (id, name, furigana, postal_code, address, phone_number, email, password, role_id, enabled) VALUES (4, '田中 幸美', 'タナカ サチミ', '342-0006', '埼玉県吉川市南広島X-XX-XX', '090-1234-5678', 'sachimi.samurai@example.com', 'password', 1, false);
INSERT IGNORE INTO users (id, name, furigana, postal_code, address, phone_number, email, password, role_id, enabled) VALUES (5, '田中 雅', 'タナカ ミヤビ', '527-0209', '滋賀県東近江市佐目町X-XX-XX', '090-1234-5678', 'miyabi.samurai@example.com', 'password', 1, false);
INSERT IGNORE INTO users (id, name, furigana, postal_code, address, phone_number, email, password, role_id, enabled) VALUES (6, '田中 正保', 'タナカ マサヤス', '989-1203', '宮城県柴田郡大河原町旭町X-XX-XX', '090-1234-5678', 'masayasu.samurai@example.com', 'password', 1, false);
INSERT IGNORE INTO users (id, name, furigana, postal_code, address, phone_number, email, password, role_id, enabled) VALUES (7, '田中 真由美', 'タナカ マユミ', '951-8015', '新潟県新潟市松岡町X-XX-XX', '090-1234-5678', 'mayumi.samurai@example.com', 'password', 1, false);
INSERT IGNORE INTO users (id, name, furigana, postal_code, address, phone_number, email, password, role_id, enabled) VALUES (8, '佐藤 安民', 'サトウ ヤスタミ', '241-0033', '神奈川県横浜市旭区今川町X-XX-XX', '090-1234-5678', 'yasutami.samurai@example.com', 'password', 1, false);
INSERT IGNORE INTO users (id, name, furigana, postal_code, address, phone_number, email, password, role_id, enabled) VALUES (9, '佐藤 章緒', 'サトウ アキオ', '739-2103', '広島県東広島市高屋町宮領X-XX-XX', '090-1234-5678', 'akio.samurai@example.com', 'password', 1, false);
INSERT IGNORE INTO users (id, name, furigana, postal_code, address, phone_number, email, password, role_id, enabled) VALUES (10, '佐藤 祐子', 'サトウ ユウコ', '601-0761', '京都府南丹市美山町高野X-XX-XX', '090-1234-5678', 'yuko.samurai@example.com', 'password', 1, false);
INSERT IGNORE INTO users (id, name, furigana, postal_code, address, phone_number, email, password, role_id, enabled) VALUES (11, '佐藤 秋美', 'サトウ アキミ', '606-8235', '京都府京都市左京区田中西春菜町X-XX-XX', '090-1234-5678', 'akimi.samurai@example.com', 'password', 1, false);
INSERT IGNORE INTO users (id, name, furigana, postal_code, address, phone_number, email, password, role_id, enabled) VALUES (12, '佐藤 信平', 'サトウ シンペイ', '673-1324', '兵庫県加東市新定X-XX-XX', '090-1234-5678', 'shinpei.samurai@example.com', 'password', 1, false);

-- reservationsテーブル
INSERT IGNORE INTO reservations (id, restaurant_id, user_id, number_of_people, reservation_date) VALUES (1, 1, 1, 2, '2024-01-01');
INSERT IGNORE INTO reservations (id, restaurant_id, user_id, number_of_people, reservation_date) VALUES (2, 2, 1, 6, '2024-01-05');
INSERT IGNORE INTO reservations (id, restaurant_id, user_id, number_of_people, reservation_date) VALUES (3, 3, 1, 4, '2024-03-16');
INSERT IGNORE INTO reservations (id, restaurant_id, user_id, number_of_people, reservation_date) VALUES (4, 4, 1, 5, '2024-05-15');
INSERT IGNORE INTO reservations (id, restaurant_id, user_id, number_of_people, reservation_date) VALUES (5, 5, 1, 6, '2024-02-01');
INSERT IGNORE INTO reservations (id, restaurant_id, user_id, number_of_people, reservation_date) VALUES (6, 6, 1, 3, '2024-01-01');
INSERT IGNORE INTO reservations (id, restaurant_id, user_id, number_of_people, reservation_date) VALUES (7, 7, 1, 1, '2024-01-02');
INSERT IGNORE INTO reservations (id, restaurant_id, user_id, number_of_people, reservation_date) VALUES (8, 8, 1, 3, '2024-01-12');
INSERT IGNORE INTO reservations (id, restaurant_id, user_id, number_of_people, reservation_date) VALUES (9, 9, 1, 2, '2024-08-25');
INSERT IGNORE INTO reservations (id, restaurant_id, user_id, number_of_people, reservation_date) VALUES (10, 10, 1, 5, '2024-07-15');
INSERT IGNORE INTO reservations (id, restaurant_id, user_id, number_of_people, reservation_date) VALUES (11, 11, 1, 6, '2024-01-01');
INSERT IGNORE INTO reservations (id, restaurant_id, user_id, number_of_people, reservation_date) VALUES (12, 12, 1, 5, '2024-01-02');
INSERT IGNORE INTO reservations (id, restaurant_id, user_id, number_of_people, reservation_date) VALUES (13, 13, 1, 3, '2024-02-12');
INSERT IGNORE INTO reservations (id, restaurant_id, user_id, number_of_people, reservation_date) VALUES (14, 14, 1, 4, '2024-02-09');
INSERT IGNORE INTO reservations (id, restaurant_id, user_id, number_of_people, reservation_date) VALUES (15, 15, 1, 5, '2024-05-08');
INSERT IGNORE INTO reservations (id, restaurant_id, user_id, number_of_people, reservation_date) VALUES (16, 16, 1, 7, '2024-01-15');

-- reviewsテーブル
INSERT IGNORE INTO reviews (id, restaurant_id, user_id, score, content) VALUES (1, 1, 1, 1, 'テスト');
INSERT IGNORE INTO reviews (id, restaurant_id, user_id, score, content) VALUES (2, 1, 2, 2, 'テストデータ2');
INSERT IGNORE INTO reviews (id, restaurant_id, user_id, score, content) VALUES (3, 1, 3, 3, 'テストデータ3');
INSERT IGNORE INTO reviews (id, restaurant_id, user_id, score, content) VALUES (4, 1, 4, 4, 'テストデータ4');
INSERT IGNORE INTO reviews (id, restaurant_id, user_id, score, content) VALUES (5, 1, 5, 5, 'テストデータ5');
INSERT IGNORE INTO reviews (id, restaurant_id, user_id, score, content) VALUES (6, 1, 6, 1, 'テストデータ6');
INSERT IGNORE INTO reviews (id, restaurant_id, user_id, score, content) VALUES (7, 1, 7, 2, 'テストデータ7');
INSERT IGNORE INTO reviews (id, restaurant_id, user_id, score, content) VALUES (8, 1, 8, 3, 'テストデータ8');
INSERT IGNORE INTO reviews (id, restaurant_id, user_id, score, content) VALUES (9, 1, 9, 4, 'テストデータ9');
INSERT IGNORE INTO reviews (id, restaurant_id, user_id, score, content) VALUES (10, 1, 10, 5, 'テストデータ10');
INSERT IGNORE INTO reviews (id, restaurant_id, user_id, score, content) VALUES (11, 1, 11, 1, 'テストデータ11');
INSERT IGNORE INTO reviews (id, restaurant_id, user_id, score, content) VALUES (12, 1, 12, 2, 'テストデータ12');

-- favoritesテーブル
 INSERT IGNORE INTO favorites (id, restaurant_id, user_id) VALUES (1, 1, 4);
 INSERT IGNORE INTO favorites (id, restaurant_id, user_id) VALUES (2, 2, 4);
 INSERT IGNORE INTO favorites (id, restaurant_id, user_id) VALUES (3, 4, 9);
 INSERT IGNORE INTO favorites (id, restaurant_id, user_id) VALUES (4, 8, 2);
 INSERT IGNORE INTO favorites (id, restaurant_id, user_id) VALUES (5, 5, 1);
 INSERT IGNORE INTO favorites (id, restaurant_id, user_id) VALUES (6, 6, 1);
 INSERT IGNORE INTO favorites (id, restaurant_id, user_id) VALUES (7, 7, 1);
 INSERT IGNORE INTO favorites (id, restaurant_id, user_id) VALUES (8, 8, 1);
 INSERT IGNORE INTO favorites (id, restaurant_id, user_id) VALUES (9, 9, 3);
 INSERT IGNORE INTO favorites (id, restaurant_id, user_id) VALUES (10, 10, 7);
 INSERT IGNORE INTO favorites (id, restaurant_id, user_id) VALUES (11, 11, 1);
 INSERT IGNORE INTO favorites (id, restaurant_id, user_id) VALUES (12, 12, 1);

 --categoriesテーブル
 INSERT IGNORE INTO categories (id, name) VALUES (1, '和食');
 INSERT IGNORE INTO categories (id, name) VALUES (2, 'ラーメン');
 INSERT IGNORE INTO categories (id, name) VALUES (3, '揚げ物');
 INSERT IGNORE INTO categories (id, name) VALUES (4, 'うどん');
 INSERT IGNORE INTO categories (id, name) VALUES (5, '鍋料理');
 INSERT IGNORE INTO categories (id, name) VALUES (6, 'フランス料理');
 INSERT IGNORE INTO categories (id, name) VALUES (7, 'カレー');
 INSERT IGNORE INTO categories (id, name) VALUES (8, '寿司');
 INSERT IGNORE INTO categories (id, name) VALUES (9, '焼肉');
 INSERT IGNORE INTO categories (id, name) VALUES (10, 'ハンバーグ');
 INSERT IGNORE INTO categories (id, name) VALUES (11, '中華料理');
 INSERT IGNORE INTO categories (id, name) VALUES (12, '喫茶店');
 INSERT IGNORE INTO categories (id, name) VALUES (13, 'スイーツ');
 INSERT IGNORE INTO categories (id, name) VALUES (14, 'ステーキ');
 INSERT IGNORE INTO categories (id, name) VALUES (15, '焼き鳥');
 INSERT IGNORE INTO categories (id, name) VALUES (16, 'タイ料理');
 INSERT IGNORE INTO categories (id, name) VALUES (17, 'たこ焼き');
 INSERT IGNORE INTO categories (id, name) VALUES (18, 'お好み焼き');
 INSERT IGNORE INTO categories (id, name) VALUES (19, 'パン');
 
